bin,mean_pred,frac_positive,count
"(-0.001, 0.028]",0.004130434782608695,0.0,23
"(0.028, 0.08]",0.057499999999999996,0.0,12
"(0.08, 0.594]",0.2659090909090909,0.2727272727272727,11
"(0.594, 0.895]",0.7331818181818182,1.0,11
"(0.895, 0.97]",0.9354166666666667,1.0,12
"(0.97, 0.99]",0.9853125,1.0,16
"(0.99, 0.995]",0.995,1.0,9
"(0.995, 1.0]",1.0,1.0,20
