bin,mean_pred,frac_positive,count
"(-0.001, 0.005]",0.0014583333333333334,0.0,24
"(0.005, 0.089]",0.039,0.0,10
"(0.089, 0.445]",0.28541666666666665,0.4166666666666667,12
"(0.445, 0.772]",0.6695454545454546,0.9090909090909091,11
"(0.772, 0.965]",0.9188461538461539,1.0,13
"(0.965, 0.985]",0.9829166666666667,1.0,12
"(0.985, 1.0]",0.998125,1.0,32
