bin,mean_pred,frac_positive,count
"(-0.001, 0.0015]",0.0,0.0,12
"(0.0015, 0.031]",0.010909090909090908,0.0,11
"(0.031, 0.421]",0.16818181818181818,0.09090909090909091,11
"(0.421, 0.717]",0.5520833333333334,0.25,12
"(0.717, 0.98]",0.9225,1.0,14
"(0.98, 0.99]",0.9880769230769231,1.0,13
"(0.99, 0.995]",0.995,1.0,9
"(0.995, 1.0]",1.0,0.96875,32
