bin,mean_pred,frac_positive,count
"(-0.001, 0.0015]",0.0,0.0,12
"(0.0015, 0.033]",0.014090909090909091,0.0,11
"(0.033, 0.284]",0.11136363636363637,0.0,11
"(0.284, 0.766]",0.57,0.4166666666666667,12
"(0.766, 0.913]",0.860909090909091,1.0,11
"(0.913, 0.969]",0.9436363636363637,1.0,11
"(0.969, 0.99]",0.985,0.9285714285714286,14
"(0.99, 0.995]",0.995,1.0,13
"(0.995, 1.0]",1.0,1.0,19
