bin,mean_pred,frac_positive,count
"(-0.001, 0.01]",0.0020833333333333333,0.0,24
"(0.01, 0.15]",0.059,0.0,10
"(0.15, 0.844]",0.48636363636363633,0.45454545454545453,11
"(0.844, 0.95]",0.9116666666666666,0.8333333333333334,12
"(0.95, 0.985]",0.9745833333333334,1.0,12
"(0.985, 0.992]",0.99,1.0,10
"(0.992, 1.0]",0.9988235294117648,1.0,34
